path	sentence	DAT	DIT	word_differences
300bb931-79ae-40ec-b989-3efd5e83f4c2/83ca05c50c05a4d07bf929bd883c8586ac2dca134329c22a8a0909d2ad689bd1.flac	Insgesamt habe ich einige Hunderttausend Franken verloren.	Insgesamt habe ich einige 100.000 Franken verloren.	Insgesamt habe ich einige hundert Dusik vor und verloren.	[4]: 100.000 vs hundert | [5]: franken vs dusik | [6]: verloren. vs vor | Length mismatch: DAT(7) vs DIT(9)
6e084270-8d26-43d9-ba69-5e8ee793ab8c/dcaae546e037d6b5051e35cac0696e95a9e25b23a7a299cc466d3c796cc11a45.flac	Welche Rolle hatte Rosenberg während des Holocaust inne?	Wieder Rowle hätt deriséebertenten Holocaust evening geschnitten. Mittel .	veli rolle heißt der ruseberg weil Nutholaka aus ...	[0]: wieder vs veli | [1]: rowle vs rolle | [2]: hätt vs heißt | [3]: deriséebertenten vs der | [4]: holocaust vs ruseberg | [5]: evening vs weil | [6]: geschnitten. vs nutholaka | [7]: mittel vs aus | [8]: . vs ...
6858a37b-edd0-4fdf-871c-96d3b1bd3e21/82f96cf51a7b4d1239325b81c305870fd7e997b57e21c307560debad119e0417.flac	Das ist angesichts aller schlechten Optionen die beste.	Das ist angesichts von allen schlechten Optionen die Best.	Das ist angesichts vor allen Schlachten Optionen, die beste.	[3]: von vs vor | [5]: schlechten vs schlachten | [6]: optionen vs optionen, | [8]: best. vs beste.
c4c03e6f-50a2-4d24-ae88-caf3032798fa/a217c094093de96414e95c0787e016038210eacf51427d18bdbde8abef26ae5b.flac	Ebenfalls keinen Sieg durfte die AC Milan feiern.	Aber falls kann Sie, hat AC Milan der für vier.	Ap Give her was Grand commanders yard bzw zuerst.	[0]: aber vs ap | [1]: falls vs give | [2]: kann vs her | [3]: sie, vs was | [4]: hat vs grand | [5]: ac vs commanders | [6]: milan vs yard | [7]: der vs bzw | [8]: für vs zuerst. | Length mismatch: DAT(10) vs DIT(9)
f877ee50-af2b-423b-bdda-0cc406032c45/4e5d7695cee366d300d25617356c3d900b15e2736550d90b7e7e98728f9d8185.flac	Viele Fussballfans haben die Alte Reithalle unterstützt.	Viele Fußballfans handt die All 3 Taller unterstützt.	Viele Fußballfans hängt die Alldri-Taller unterstützt.	[2]: handt vs hängt | [4]: all vs alldri-taller | [5]: 3 vs unterstützt. | Length mismatch: DAT(8) vs DIT(6)
2346f20d-b2bc-4712-8c83-5e376731a1c9/9ee49fd908ebb0d5b0a9a67fb858a61419d3ab800f64c9a84e7c8d53130e5469.flac	Die riesige Insel ist von enormer strategischer Bedeutung.	Die riesige Insel ist von enormer strategischer Betüttik.	Die riesige Insel ist vor enormer strategischer Petutik.	[4]: von vs vor | [7]: betüttik. vs petutik.
f877ee50-af2b-423b-bdda-0cc406032c45/00f63701002cf558863fbc154ffe2ff3f8f122c539db4b39028a0e0b8a8d3925.flac	Mit dem Rollator läuft man nicht weit.	Mit dem der Flache kann man zu einem Zalog nicht weiten.	Mit dem Rollato läuft man jetzt wie tun wir.	[2]: der vs rollato | [3]: flache vs läuft | [4]: kann vs man | [5]: man vs jetzt | [6]: zu vs wie | [7]: einem vs tun | [8]: zalog vs wir. | Length mismatch: DAT(11) vs DIT(9)
f877ee50-af2b-423b-bdda-0cc406032c45/63d6d893ce9bdb45890219ae0b5196308848694696613c2b56214288990d487b.flac	Gemäss jetziger Kenntnis wurde niemand verletzt.	Die Kanten des Kanten ist nicht verletzt worden.	Gemäß jetzt die Gerät Kanten ist, ich nehme für lebst wurde.	[0]: die vs gemäß | [1]: kanten vs jetzt | [2]: des vs die | [3]: kanten vs gerät | [4]: ist vs kanten | [5]: nicht vs ist, | [6]: verletzt vs ich | [7]: worden. vs nehme | Length mismatch: DAT(8) vs DIT(11)
c4c03e6f-50a2-4d24-ae88-caf3032798fa/698b185f9807065c8bff350a63f90effcb78a4353b7437f3bc7f418ceb6e16d3.flac	Oder es wird zum ersten Mal eine Latina First Lady.	Oder es wird zum ersten Mal Latina First Lady.	Oder es wird zum ersten Mal Latina First Lady.	Identical
865f69a7-acb2-4604-a356-cdad6517606c/f69efcd29f4015d440c5923f425edd26bc2ec9d069bc18e187517050965acbbb.flac	Vor allem ältere Sinn-Fein-Mitglieder sind noch immer gegen Homo-Ehe und Abtreibung.	Roll auf L3 sind bei wieder an de Stacy ein ein.	Call of ElderE was damit mit dem Klatorkleid des Kurps auf�üht Und	[0]: roll vs call | [1]: auf vs of | [2]: l3 vs eldere | [3]: sind vs was | [4]: bei vs damit | [5]: wieder vs mit | [6]: an vs dem | [7]: de vs klatorkleid | [8]: stacy vs des | [9]: ein vs kurps | [10]: ein. vs auf�üht | Length mismatch: DAT(11) vs DIT(12)
0d7bacea-1a75-4c14-b580-40d5b98663b6/d6d45bab00c77acd73699745694453c702a0deb1fe70b813d9589a502f18f15a.flac	Die Welt muss sich dafür interessieren.	Twią sie Prince in der Wolken und während Hessen umschüttet wird auch etwas so machen.	Das Wort muss ich dafür interessieren.	[0]: twią vs das | [1]: sie vs wort | [2]: prince vs muss | [3]: in vs ich | [4]: der vs dafür | [5]: wolken vs interessieren. | Length mismatch: DAT(15) vs DIT(6)
0f19ca1d-11fe-4822-83e9-4d0f7bcce0cd/d6244607f9ce4a24dcdc2893bf630f6e8904e55f06d9c0cd314fd901a0a21d1a.flac	Mit seinem Rücktritt ist eine Neuwahl zwar näher gerückt.	Mit siem rücktritt ist ein Neuwalz von nerr zurück.	Mit seinem Rücktritt istissant neu, weil es sich bewir topplos ist.	[1]: siem vs seinem | [3]: ist vs istissant | [4]: ein vs neu, | [5]: neuwalz vs weil | [6]: von vs es | [7]: nerr vs sich | [8]: zurück. vs bewir | Length mismatch: DAT(9) vs DIT(11)
f975c67c-35a5-4cac-8195-51f456b59edc/3be27aa4bb7b22a6446e670d5f835ff448e45d0797559c3ad47f9a4939354ca5.flac	Später erlag der Junge im Krankenhaus seiner Verletzung.	Später ist die jungen Krankenhaus als in der Verletzigen herlegen.	Ich bin später, ich bin jung im Krankenhaus als in der Verletzigen Erlage.	[0]: später vs ich | [1]: ist vs bin | [2]: die vs später, | [3]: jungen vs ich | [4]: krankenhaus vs bin | [5]: als vs jung | [6]: in vs im | [7]: der vs krankenhaus | [8]: verletzigen vs als | [9]: herlegen. vs in | Length mismatch: DAT(10) vs DIT(13)
460a10ef-020f-4559-810a-115a066b9bab/a8742bb769979775239c74eb26ed311869fb0d051a4889c0c81f1b25e0fff1ac.flac	Es resultiert eine Kreditunterschreitung von Fr. 83'802.45 oder 28,90 %.	Also der Dirkündite-Unersliotheens 438202	Es werden der Kräteten under Vide Veronica verdrühlt, anٌ Soundbeおter auf Hö starvekopl<|zh|> in dem jawsaccappel BART.NL-Penik Prüfte der Erengmen�ab sind um sie von 822 andering electrons simulate beim 8.60 % der Minute von 2.00 puhrde von 28.2000	[0]: also vs es | [1]: der vs werden | [2]: dirkündite-unersliotheens vs der | [3]: 438202 vs kräteten | Length mismatch: DAT(4) vs DIT(38)
0d7bacea-1a75-4c14-b580-40d5b98663b6/513301266fddc31f262df59ed6752d2806d7fadaa5794fceef5baf8c8813c272.flac	Die französische Wirtschaftspolitik sei solide und glaubwürdig.	Ich ziehe sie schien Seo hunted und lab き	Transantische w inlandscher Sport Six, selections compression und Tabur ficken.	[0]: ich vs transantische | [1]: ziehe vs w | [2]: sie vs inlandscher | [3]: schien vs sport | [4]: seo vs six, | [5]: hunted vs selections | [6]: und vs compression | [7]: lab vs und | [8]: き vs tabur | Length mismatch: DAT(9) vs DIT(10)
70a5c408-15e7-4c4d-b1f1-eef3d343939e/6d8c803c45f2191727c33a62b32d00e5e2e9cce0bdf139e0091b5494a7d67820.flac	Die Enttäuschung des Jungen ist riesig.	Den Tüschik von Boa Bischariisik	Denn du schiff vom WHOA bischeretsik!	[0]: den vs denn | [1]: tüschik vs du | [2]: von vs schiff | [3]: boa vs vom | [4]: bischariisik vs whoa | Length mismatch: DAT(5) vs DIT(6)
f975c67c-35a5-4cac-8195-51f456b59edc/3d0177437ab1c8fd14c9fb24556541d7e140adc5bb0306e7587ba37301f4d5e2.flac	Das sei etwa durch gefälschte Rechnungen geschehen.	Das geht dadurch gefällt die Rechnung eingeschrieben.	Das seи çaforming sehr schnell ziemlich schlecht.	[1]: geht vs seи | [2]: dadurch vs çaforming | [3]: gefällt vs sehr | [4]: die vs schnell | [5]: rechnung vs ziemlich | [6]: eingeschrieben. vs schlecht.
865f69a7-acb2-4604-a356-cdad6517606c/f1f8d4f391741636693d476dc4a1a414178dd50ef3e921976dc1b1bbcc2a3542.flac	Es gibt weniger Todesopfer und weniger Schwerverletzte.	Für semana habe ich ein gor姑ühren.	Heutesmitt optic zumALY mini-grave glanz	[0]: für vs heutesmitt | [1]: semana vs optic | [2]: habe vs zumaly | [3]: ich vs mini-grave | [4]: ein vs glanz | Length mismatch: DAT(6) vs DIT(5)
3ce6b6dc-6c03-48c1-83bd-024bbecfaf9a/b272c7b5ab8911b2f83c168357a4b22abb5ccc6b7fba81448b097a9f6a25f2f4.flac	Auch er räumte gewisse Schwierigkeiten im Vorfeld ein.	Auch er hat glüssige Wirkel im Vorfall die I-Grund.	Aber er hat gewisse Schwierigkeit dem Vorfeld i Grund.	[0]: auch vs aber | [3]: glüssige vs gewisse | [4]: wirkel vs schwierigkeit | [5]: im vs dem | [6]: vorfall vs vorfeld | [7]: die vs i | [8]: i-grund. vs grund.
68931ace-d879-48a2-b92b-0630ff454bdf/ab1159f4cf9c8462e0059f73749abebbb8b8cea3e997c42dd5a9fc5e74840107.flac	Erhalten geblieben ist das Tier jedoch in Tirol.	Erhalte blivirst hier, je doch nicht hier oben.	Erhalte blieb auf Stier, jedoch nicht die Rolle.	[1]: blivirst vs blieb | [2]: hier, vs auf | [3]: je vs stier, | [4]: doch vs jedoch | [6]: hier vs die | [7]: oben. vs rolle.
7c882fa4-86f6-4986-b211-295a09265deb/c471fae12c81cdcf8436b6b35b2bc0a26e9dac4f2a7e11fe4601adf8d3fe7899.flac	TV-Duelle haben bei Frankreichs Präsidentschaftswahlen Tradition.	TVDL haben befranklichs Präsidenten geschafft zwar eine Tradition.	Die F Austria começa in der Zeit, die Welt descansch pulgenden двise	[0]: tvdl vs die | [1]: haben vs f | [2]: befranklichs vs austria | [3]: präsidenten vs começa | [4]: geschafft vs in | [5]: zwar vs der | [6]: eine vs zeit, | [7]: tradition. vs die | Length mismatch: DAT(8) vs DIT(12)
c4c03e6f-50a2-4d24-ae88-caf3032798fa/b47176cf3127320d019ca7590a95df72cb225aa00ce66521ca7d9e1cdf786174.flac	Dazu sind wir bereits mit verschiedenen Unternehmen und Stiftungen im Gespräch.	Dazu sind wir bereit mit verschiedenen Unternehmen und Stiftungen im Gespräch.	Das war immer bereits mit verschiedenen Unternehmer und stiftige Impfspröch.	[0]: dazu vs das | [1]: sind vs war | [2]: wir vs immer | [3]: bereit vs bereits | [6]: unternehmen vs unternehmer | [8]: stiftungen vs stiftige | [9]: im vs impfspröch. | Length mismatch: DAT(11) vs DIT(10)
0f19ca1d-11fe-4822-83e9-4d0f7bcce0cd/9544a4dfae8b4b9211550a5cd9cfb64ea2e22b4720ed0a33c665abcb4539a4b0.flac	Gegen die Schweizer Fahrenden wurde Strafanzeige eingereicht.	Gagt die Schweizer Cas cerebral Freunde? Ist current von goggles und Fle up. Qué Mendels so strangely advisieren zu diesen Fans? Die Sprecher. Die Sprecher sind inicated. Rauspole aus sind und laisse die Ausbe Id vagerteidvate weg, Hell Löshka zu weg kann. Finnish Videospиков. Jane呢, zu infinranceisternd�지, Flü reagiert nochätrig. Entschuld續 im Neutronium? Und nicht nuggr fool?	Guck,', die Schweizer Hoyernden ist Stoff angry und nicht leicht wartet.	[0]: gagt vs guck,', | [3]: cas vs hoyernden | [4]: cerebral vs ist | [5]: freunde? vs stoff | [6]: ist vs angry | [7]: current vs und | [8]: von vs nicht | [9]: goggles vs leicht | [10]: und vs wartet. | Length mismatch: DAT(57) vs DIT(11)
6427c123-f701-438f-8d2b-e97ced2fc970/ae5c119e1cb5f7c5ff67a9197cc32fa6bbca6df737b515f7c7a063483a1134f1.flac	Ausserdem müsste man die Belohnungen über eine längere Zeit ausweiten.	Usse dem müß mit die Ballonige über den längere Tee drum ausreite.	User empfüsst mir die Balonika über den längere Zitrum Useriehe.	[0]: usse vs user | [1]: dem vs empfüsst | [2]: müß vs mir | [3]: mit vs die | [4]: die vs balonika | [5]: ballonige vs über | [6]: über vs den | [7]: den vs längere | [8]: längere vs zitrum | [9]: tee vs useriehe. | Length mismatch: DAT(12) vs DIT(10)
3ce6b6dc-6c03-48c1-83bd-024bbecfaf9a/d38f609637ff32e8719afe777f6310ba52b8547728e88d7d76b662d825358092.flac	Ich habe mich auch entsprechend geärgert.	Ich kann mich auch entsprechen und gerne red.	ich komm im Awe hin und sprechen du keiertchen.	[1]: kann vs komm | [2]: mich vs im | [3]: auch vs awe | [4]: entsprechen vs hin | [6]: gerne vs sprechen | [7]: red. vs du | Length mismatch: DAT(8) vs DIT(9)
c81c27c4-3e50-4b38-827e-2fc2bf899dc7/cd342908bd64f10b6501ee26c5889d6be4c0b74393baf220974311d1d1573fa9.flac	Im ersten Moment war ich echt geschockt.	connectiert mechem antrieb nicht erㅈig schock Sir	Wir schon mal müssen wir auch excel!	[0]: connectiert vs wir | [1]: mechem vs schon | [2]: antrieb vs mal | [3]: nicht vs müssen | [4]: erㅈig vs wir | [5]: schock vs auch | [6]: sir vs excel!
00fafc97-bf8b-4f35-ae97-b22e83e150f2/7056272783e073c9425a27abb11ca32f4bad63012cca25b8fea4aa7c1c5b338c.flac	Den Lunch bringt sie ohnehin von zu Hause mit.	Der Lohn schnimmt sie sowieso vor die Heimat.	Da lohnt es nehmt sie sowieso vor die Heimint.	[0]: der vs da | [1]: lohn vs lohnt | [2]: schnimmt vs es | [3]: sie vs nehmt | [4]: sowieso vs sie | [5]: vor vs sowieso | [6]: die vs vor | [7]: heimat. vs die | Length mismatch: DAT(8) vs DIT(9)
865f69a7-acb2-4604-a356-cdad6517606c/f18727efaf55b34827b922dbe9d39b22ba5e269c20d7c67d6b24eefa226f0953.flac	Wer studiert aber auch so etwas!	Vertirtem browse Olympische Shenen!	이쪽erde an Paul, Salvador	[0]: vertirtem vs 이쪽erde | [1]: browse vs an | [2]: olympische vs paul, | [3]: shenen! vs salvador
f975c67c-35a5-4cac-8195-51f456b59edc/422e62ca6a6dde3c5090e762faafcdc5952de8f9e28974b457d28aa0d63f9893.flac	GC kann mit diesem Trainer eine schöne Zukunft haben.	Jetzt kann mit dem Brenner eine schöne Zukunft haben.	Kizedika mit dem die und anderenENEenge Cake fertig ist.	[0]: jetzt vs kizedika | [1]: kann vs mit | [2]: mit vs dem | [3]: dem vs die | [4]: brenner vs und | [5]: eine vs andereneneenge | [6]: schöne vs cake | [7]: zukunft vs fertig | [8]: haben. vs ist.
865f69a7-acb2-4604-a356-cdad6517606c/f3562efa6e3872b888f02436cd8504551917d022bb30572e8391a248b63d8ed5.flac	Auch wenn die Sache schon sehr kurios sei.	aber viele Leute kommen wie sie	Abwandts wahrscheinlich so viel禁 breathelt喜f	[0]: aber vs abwandts | [1]: viele vs wahrscheinlich | [2]: leute vs so | [3]: kommen vs viel禁 | [4]: wie vs breathelt喜f | Length mismatch: DAT(6) vs DIT(5)
6858a37b-edd0-4fdf-871c-96d3b1bd3e21/8034e272e94f1971b11d316f3762f88444c6dd6d6d26f14c0b3deb0b408eeb5f.flac	In Kürze folgt hier eine kurze Zusammenfassung.	In Kürze folgt da eine kurze Zusammenfassung.	In Größi folgt da eine Größi zusammenfassig.	[1]: kürze vs größi | [5]: kurze vs größi | [6]: zusammenfassung. vs zusammenfassig.
f877ee50-af2b-423b-bdda-0cc406032c45/5cb15d861642d3e3821414c473bc95f98257b394d31e7e70ae82b90578cbe135.flac	Besonders Silvia Steiner schnitt bei den Wahlen besser ab als erwartet.	Besonders till wie ein Schneiner hat bei der Wahl besser abgeschnitten als erwartet.	Besonders Ziel wird Steiner, hat wieder Wolle bis er abgeschnitten aus erwartet.	[1]: till vs ziel | [2]: wie vs wird | [3]: ein vs steiner, | [4]: schneiner vs hat | [5]: hat vs wieder | [6]: bei vs wolle | [7]: der vs bis | [8]: wahl vs er | [9]: besser vs abgeschnitten | [10]: abgeschnitten vs aus | [11]: als vs erwartet. | Length mismatch: DAT(13) vs DIT(12)
7c882fa4-86f6-4986-b211-295a09265deb/c3fca4028f1ba31016b48ede16e93af72dff5661c33e92f71f0dcccdd306d692.flac	Nun meldeten sich die Produzenten zurück.	Jetzt machen wir sich die Produzentenz ruck.	Jetzt sind auch 30 enzymes.	[1]: machen vs sind | [2]: wir vs auch | [3]: sich vs 30 | [4]: die vs enzymes. | Length mismatch: DAT(7) vs DIT(5)
7c882fa4-86f6-4986-b211-295a09265deb/3f52a62e02b2b11fce2aae392f6dcf134999474f38baaa2f0a2b74a13b071da7.flac	Damals dachte niemand daran, dass es dereinst als Grundlage für eine Schutzlösung dienen würde.	Damals hat niemand daran gedacht, dass es der Einst als Grundlage für eine Schutzlösung dienen würde.	Da man seit dem Tradeng das Sterenne spricht als Grundlag für recher Z mine.	[0]: damals vs da | [1]: hat vs man | [2]: niemand vs seit | [3]: daran vs dem | [4]: gedacht, vs tradeng | [5]: dass vs das | [6]: es vs sterenne | [7]: der vs spricht | [8]: einst vs als | [9]: als vs grundlag | [10]: grundlage vs für | [11]: für vs recher | [12]: eine vs z | [13]: schutzlösung vs mine. | Length mismatch: DAT(16) vs DIT(14)
e4d6b98b-b3f3-4e0f-9954-4abb7de23540/48b261c362e4d4a839ecb0d004d52f775e737c4a5803c9748d552505f9796674.flac	Im Jahr 2021 werden wir dem Einwohnerrat eine Kreditabrechnung vorlegen können und ihn über die tatsächlichen Beträge informieren.	Im Zuhendepf whirlte die E-Mond the Grandžetit tiefe疫性 vor allem und den Teil zu beträgen.	Im Zwaldова Tečchen Skeptives vert편 implementationen sich die 1.ucherativen schon von W Spotten den Wь� Endision nur II und Suite dazu erleben lassen.	[1]: zuhendepf vs zwaldова | [2]: whirlte vs tečchen | [3]: die vs skeptives | [4]: e-mond vs vert편 | [5]: the vs implementationen | [6]: grandžetit vs sich | [7]: tiefe疫性 vs die | [8]: vor vs 1.ucherativen | [9]: allem vs schon | [10]: und vs von | [11]: den vs w | [12]: teil vs spotten | [13]: zu vs den | [14]: beträgen. vs wь� | Length mismatch: DAT(15) vs DIT(23)
f877ee50-af2b-423b-bdda-0cc406032c45/5beec4e0ac31dc21ed6b49165a62bf0eaf2b81737db454b99eb7eb8bd10ed04d.flac	Nur schon rein finanziell käme das viel teurer zu stehen.	Nur schon ein finanziell, kommt das viel Dürz.	Nur schon rein finanziell, dass viel dürzschte.	[2]: ein vs rein | [4]: kommt vs dass | [5]: das vs viel | [6]: viel vs dürzschte. | Length mismatch: DAT(8) vs DIT(7)
865f69a7-acb2-4604-a356-cdad6517606c/eca464b9fdf425d50724a4c8d5dbd32ffcf812cca13b2bcd8acdc5b0ed6d0403.flac	Das teilte die Staatsanwaltschaft Aargau am Mittwoch mit.	Das Teilt schlats habe auf den Urghavern nicht verhekt.	das Teil des automobilerafts raushaden und Geburtseok	[1]: teilt vs teil | [2]: schlats vs des | [3]: habe vs automobilerafts | [4]: auf vs raushaden | [5]: den vs und | [6]: urghavern vs geburtseok | Length mismatch: DAT(9) vs DIT(7)
f975c67c-35a5-4cac-8195-51f456b59edc/06c61e48b56ba0e9395d9e5e09638059078d51ccdc93d800758cd656f1dbaa5a.flac	Aus der Sicht der FDP sollte man haushälterisch mit den Mitteln umgehen und man sollte diese auf das Notwendigste beschränken.	Aus der Sicht der FDP sollte man ausalterisch mit der Mittel umgehen und muss er aufs Notwendigsten beschränken.	musst du sich von der FDP exemplof gehst, sich einmal etwas mit dem Mittel umgeben und e��泊t der merchant aus några chuء syändes.	[0]: aus vs musst | [1]: der vs du | [2]: sicht vs sich | [3]: der vs von | [4]: fdp vs der | [5]: sollte vs fdp | [6]: man vs exemplof | [7]: ausalterisch vs gehst, | [8]: mit vs sich | [9]: der vs einmal | [10]: mittel vs etwas | [11]: umgehen vs mit | [12]: und vs dem | [13]: muss vs mittel | [14]: er vs umgeben | [15]: aufs vs und | [16]: notwendigsten vs e��泊t | [17]: beschränken. vs der | Length mismatch: DAT(18) vs DIT(23)
f975c67c-35a5-4cac-8195-51f456b59edc/12f4a3cc89768471f36261c8a7adc205aa0ebd46d7bbbf58990558334fa3b0d7.flac	Bedenklich stimmt uns die sinkende Zahlungsmoral und Zahlungsfähigkeit nicht nur bei den Steuerrechnungen.	Denklich schimmte uns die Zalix-Moral und Zalix-Unfähigkeit nicht nur bei den Stürrechnungen.	Stelltehren je nach vielen Seiten, auch incentives mixedes Flight F 400064. setzteständige도	[0]: denklich vs stelltehren | [1]: schimmte vs je | [2]: uns vs nach | [3]: die vs vielen | [4]: zalix-moral vs seiten, | [5]: und vs auch | [6]: zalix-unfähigkeit vs incentives | [7]: nicht vs mixedes | [8]: nur vs flight | [9]: bei vs f | [10]: den vs 400064. | [11]: stürrechnungen. vs setzteständige도
e4d6b98b-b3f3-4e0f-9954-4abb7de23540/c60631e21c681ae21aa402e174e90555ed0423ec41dd58731b3d83b400f3a09e.flac	Die U-Bahn gilt als besonders anfällig für Terroranschläge.	Die Eruban gilt als Besundes auffällig für Teuro ausleicht.	Die Euban gilt als Besumps auf Eilig für Terror auslängt.	[1]: eruban vs euban | [4]: besundes vs besumps | [5]: auffällig vs auf | [6]: für vs eilig | [7]: teuro vs für | [8]: ausleicht. vs terror | Length mismatch: DAT(9) vs DIT(10)
00fafc97-bf8b-4f35-ae97-b22e83e150f2/473c0f9bacb48be6960fd204287de34ff766e11b23eb3d7181b173a9cfc3897b.flac	Aber das ist doch viel zu teuer.	Aber das ist doch fehl zu durch.	Aber das ist doch ein kleines Dür.	[4]: fehl vs ein | [5]: zu vs kleines | [6]: durch. vs dür.
e4d6b98b-b3f3-4e0f-9954-4abb7de23540/b86b7083408d68481fd9d0c2d8a3a20f84e7de331c81c1fe4dbfa77a72b5a4a8.flac	SO hat die ganze Schweiz beschäftigt.	Sollte man die Gottschweite bezeichnigt.	Sollotum und hat die Gag schwit beschäftigt.	[0]: sollte vs sollotum | [1]: man vs und | [2]: die vs hat | [3]: gottschweite vs die | [4]: bezeichnigt. vs gag | Length mismatch: DAT(5) vs DIT(7)
6e084270-8d26-43d9-ba69-5e8ee793ab8c/eaa6383c98c24ff2fddd977a6aa32560b9592d71ce76e514b1acb35c0cf0e2a1.flac	Können Sie die Antwort auf Carlos Frage nachvollziehen?	Hören Sie dir an dorthofem Carlos in die Frau nachvollziehen.	fängt in der Tür ab und alle gehen.	[0]: hören vs fängt | [1]: sie vs in | [2]: dir vs der | [3]: an vs tür | [4]: dorthofem vs ab | [5]: carlos vs und | [6]: in vs alle | [7]: die vs gehen. | Length mismatch: DAT(10) vs DIT(8)
c81c27c4-3e50-4b38-827e-2fc2bf899dc7/8951077a9c33e880dc07824de3df9c8206f6301177748a2d6c656a2a2cfa28d1.flac	Bei seinem letzten Triumph gab Armstrong gleichzeitig seinen Rücktritt bekannt.	Wie im letzten Trim fährt der Armstand gleichzeitig seine Rippetrieppe bekannt.	Mit dem Lesche Tomb hat der Vist pup diarrhea uns ziemlich big boots Elle Citrixien prieverctor immun sympathisiert. Denn dieser Designiert uso uns mit diesem entire Hand über dieses Recy母 eine	[0]: wie vs mit | [1]: im vs dem | [2]: letzten vs lesche | [3]: trim vs tomb | [4]: fährt vs hat | [6]: armstand vs vist | [7]: gleichzeitig vs pup | [8]: seine vs diarrhea | [9]: rippetrieppe vs uns | [10]: bekannt. vs ziemlich | Length mismatch: DAT(11) vs DIT(31)
6427c123-f701-438f-8d2b-e97ced2fc970/7f91f9b3d568472ae01382a089acf229c16cfc80d6d1a7df83c162f1a8f418b9.flac	Dann nimmt das Video eine merkwürdige Wende.	Dann hat das Video ein merkwürdigig Wandel knur.	Dann hat das Video immer Krüte gewandet.	[4]: ein vs immer | [5]: merkwürdigig vs krüte | [6]: wandel vs gewandet. | Length mismatch: DAT(8) vs DIT(7)
460a10ef-020f-4559-810a-115a066b9bab/a6b127eeacf2f018ead0937bfdf81f6e59f0e4dd20c9314f2392b67b596601c8.flac	Amerikaner können offenbar über sich selber lachen.	Amerikaner können offenbar über sich selber lachen.	America kamer ichlarını einfach bez ocup am 그�eng Essen!	[0]: amerikaner vs america | [1]: können vs kamer | [2]: offenbar vs ichlarını | [3]: über vs einfach | [4]: sich vs bez | [5]: selber vs ocup | [6]: lachen. vs am | Length mismatch: DAT(7) vs DIT(9)
70a5c408-15e7-4c4d-b1f1-eef3d343939e/4217741bb79538ff14decac7c665ffbd37a8c015fe8ef5c484f5c844eb9e6776.flac	Merz wollte diese Zahl nicht kommentieren.	März hat die Zahl und will er kommentieren.	Merz hat ihr als Wilder Dokumentieren.	[0]: märz vs merz | [2]: die vs ihr | [3]: zahl vs als | [4]: und vs wilder | [5]: will vs dokumentieren. | Length mismatch: DAT(8) vs DIT(6)
2be89650-fc8e-429a-a8e3-2e92b3538639/ab1762ecabecb31e2ac605395e94c965ac94e3bc7aee16b22bb39862e7a93e2f.flac	Nach fünf Geräten lagen die beiden dominierenden Nationen praktisch gleich auf.	Nach 5 Grad sind die beiden nominate Nationen praktisch gleich aufgelegen.	Nach Wall står der Kränter себя überzeugt, die mit Richmonden am Angsınız ange�nen wurden,	[1]: 5 vs wall | [2]: grad vs står | [3]: sind vs der | [4]: die vs kränter | [5]: beiden vs себя | [6]: nominate vs überzeugt, | [7]: nationen vs die | [8]: praktisch vs mit | [9]: gleich vs richmonden | [10]: aufgelegen. vs am | Length mismatch: DAT(11) vs DIT(14)
6858a37b-edd0-4fdf-871c-96d3b1bd3e21/c2048577d74e270512246bec88c6aa9e03a8a06188b47ff30c1da83af5e6ef3e.flac	Kein einziger Punkt von diesem Artikel ist umgesetzt.	Keine einzigen Punkt von dem Artikel ist umgesetzt.	כ sect,en 3 einziger Punkt, geleutet jetzt richtigал!	[0]: keine vs כ | [1]: einzigen vs sect,en | [2]: punkt vs 3 | [3]: von vs einziger | [4]: dem vs punkt, | [5]: artikel vs geleutet | [6]: ist vs jetzt | [7]: umgesetzt. vs richtigал!
3ce6b6dc-6c03-48c1-83bd-024bbecfaf9a/621ad4f818d73214ff90c63fed347eeaeb81f782cac6a96413fa2af5158e977b.flac	Einmal schrie ein Passagier wegen mir ‹Polizei!	Eimal hat ein Posagier-Vagami-Politai geschroue.	Einmal hat ein Posso Schierwag am Meer, Polizei, Kroge.	[0]: eimal vs einmal | [3]: posagier-vagami-politai vs posso | [4]: geschroue. vs schierwag | Length mismatch: DAT(5) vs DIT(9)
f877ee50-af2b-423b-bdda-0cc406032c45/4f068967ede1f6263c6a15ad6a9203a620a592388d1578b03c1e22b9a714165c.flac	Aber es ist diese spezielle Aura.	Aber es ist die spezielle Auro.	Aber es ist die spezielle Eure.	[5]: auro. vs eure.
3ce6b6dc-6c03-48c1-83bd-024bbecfaf9a/7076784f57d55e13a5c2cb68c8f064e375f7ae4bf574f305f2943c05fb15bc5a.flac	Demnach sei dieser vom Geschädigten erneut aus heiterem Himmel angegriffen worden.	Demdann sagte vom Geschädigten erneut aus Heiml-Agriff erfordert.	現在 deuxième Sieg changell das 4 Tage vonósseıkseforeign zu vermogen.	[0]: demdann vs 現在 | [1]: sagte vs deuxième | [2]: vom vs sieg | [3]: geschädigten vs changell | [4]: erneut vs das | [5]: aus vs 4 | [6]: heiml-agriff vs tage | [7]: erfordert. vs vonósseıkseforeign | Length mismatch: DAT(8) vs DIT(10)
99c4f9b3-262d-4050-9973-a4abb8046872/b5d157ae6a1144e0be732e60da74ee60a349f478c00990c9b93f970f471ca2ad.flac	Phoenix wirkte auf dem roten Teppich wie ein Fremdkörper.	Die Vönigse wirkt auf dem roten Teppich wie ein fremd Körper.	Für nichts wirkt auf dem Roter Tip wie ein fremtes Körper.	[0]: die vs für | [1]: vönigse vs nichts | [5]: roten vs roter | [6]: teppich vs tip | [9]: fremd vs fremtes
f975c67c-35a5-4cac-8195-51f456b59edc/0fb832702686ca7afc4d688e4e8c1f1f63bd6cfe2721fb6aaf0f71b1c4afba27.flac	Die FDP wird in zwei Jahren das Präsidium der FGPK übernehmen.	Die FDP wird die zwei Jahre Spreseidium der FGP körpern.	Das erste P wird die zwei Jahre spresidium von der FPK-Ibonne.	[0]: die vs das | [1]: fdp vs erste | [2]: wird vs p | [3]: die vs wird | [4]: zwei vs die | [5]: jahre vs zwei | [6]: spreseidium vs jahre | [7]: der vs spresidium | [8]: fgp vs von | [9]: körpern. vs der | Length mismatch: DAT(10) vs DIT(11)
2346f20d-b2bc-4712-8c83-5e376731a1c9/714ae35b3a73e2c5834b1336d9597d03e5f66a762b5dcf0911f18ce7681f4857.flac	Die US-Finanzkrise hält die Schweizer Börse in Atem.	Westfinantkissen haltet Schweizer Börse in Atem.	und weiß ich es, dass es man auch alles해주 oft halschten powerful sei.	[0]: westfinantkissen vs und | [1]: haltet vs weiß | [2]: schweizer vs ich | [3]: börse vs es, | [4]: in vs dass | [5]: atem. vs es | Length mismatch: DAT(6) vs DIT(13)
c81c27c4-3e50-4b38-827e-2fc2bf899dc7/91aa76fc79b2fc218867c4b786025489d40afcca0cb06db9d099a626c9d34930.flac	Sunrise ist im Mobilfunk gut aufgestellt.	Sunrise ist im Mobilfunk gut aufgestellt.	sunbrissa und mobil fung schent du aufgestellt.	[0]: sunrise vs sunbrissa | [1]: ist vs und | [2]: im vs mobil | [3]: mobilfunk vs fung | [4]: gut vs schent | [5]: aufgestellt. vs du | Length mismatch: DAT(6) vs DIT(7)
f975c67c-35a5-4cac-8195-51f456b59edc/39725a4174bc6284d806afcda51a4e1473b98d26a6285423b15df55355d37073.flac	Bei Neuenburg sind es 36 Millionen.	Pinoyaburk sind 60 Millionen.	Pin어요. Ich will die Milionen gelernt!	[0]: pinoyaburk vs pin어요. | [1]: sind vs ich | [2]: 60 vs will | [3]: millionen. vs die | Length mismatch: DAT(4) vs DIT(6)
70a5c408-15e7-4c4d-b1f1-eef3d343939e/52d3a25de71389deddb3808305669829d13946a4ce28bd30237087256783dae4.flac	Für wen transportiert die Post überhaupt Geld?	Für wen transportiert Boost überhaupt Geld?	Für Wendransportiert Bost überhaupt Galt.	[1]: wen vs wendransportiert | [2]: transportiert vs bost | [3]: boost vs überhaupt | [4]: überhaupt vs galt. | Length mismatch: DAT(6) vs DIT(5)
6e084270-8d26-43d9-ba69-5e8ee793ab8c/ec022cdd36cd368c863117e287794d0b6fbefe47f4f0a1fd42a1aa936e0f73eb.flac	Welche Serie fehlt Ihrer Meinung nach?	Melw Lee Chirya Faard Ihres Remainikums	Wir Leader fehlt irren מא�neten	[0]: melw vs wir | [1]: lee vs leader | [2]: chirya vs fehlt | [3]: faard vs irren | [4]: ihres vs מא�neten | Length mismatch: DAT(6) vs DIT(5)
c81c27c4-3e50-4b38-827e-2fc2bf899dc7/929b1c90c855684b1e14870db891a59d702c085e6bb51578288bde996b573d1f.flac	Die Betreiber der Bahn seien auf diese Forderung nicht eingegangen.	Die Betriebe für die Bahn sägen auf dir vor, wo die Kühner die gingen.	Wir trie웨be von der Pan Seger durfteerforten können ein DJ music она dreht.	[0]: die vs wir | [1]: betriebe vs trie웨be | [2]: für vs von | [3]: die vs der | [4]: bahn vs pan | [5]: sägen vs seger | [6]: auf vs durfteerforten | [7]: dir vs können | [8]: vor, vs ein | [9]: wo vs dj | [10]: die vs music | [11]: kühner vs она | [12]: die vs dreht. | Length mismatch: DAT(14) vs DIT(13)
e4d6b98b-b3f3-4e0f-9954-4abb7de23540/ca16859858168da0c2fefa45f49f69aa9b1be8050f8e5ec4e4ec49138a28cd98.flac	Er hat freie Bahn und trifft unten rechts ins offene Tor.	Er hat Freibahn und trifft unracht, sie ist auf der Boll.	Ich habe Freiband und trifft ohne Racht die Soffner Bowl.	[0]: er vs ich | [1]: hat vs habe | [2]: freibahn vs freiband | [5]: unracht, vs ohne | [6]: sie vs racht | [7]: ist vs die | [8]: auf vs soffner | [9]: der vs bowl. | Length mismatch: DAT(11) vs DIT(10)
111f2e2e-073c-4968-acc6-2af6f58a3fba/44a5366575ff91cd95ae34df1faad8e353e307e0b9a461dac266158f1f5fa152.flac	Er liess die Asylbewerber sich gegenseitig fesseln.	W herPalze hinterwash ich ein.	Er hat das hin und werden zu nach dem superfessangenrowen Laching werden.	[0]: w vs er | [1]: herpalze vs hat | [2]: hinterwash vs das | [3]: ich vs hin | [4]: ein. vs und | Length mismatch: DAT(5) vs DIT(12)
44a2712b-f350-40e6-a425-6bda969a5ddc/8dc2ef6abb71a82cbc425b7fdbc313589b011a36f601cf8fca8c63160d8b5682.flac	Die Migros habe damit nichts zu tun.	und Mikrohütter mit Nütstuhe.	분들 Hunt 건강 zu begrüßen.	[0]: und vs 분들 | [1]: mikrohütter vs hunt | [2]: mit vs 건강 | [3]: nütstuhe. vs zu | Length mismatch: DAT(4) vs DIT(5)
4697af94-dd63-4d40-8539-14d9c80b313b/98e775b8efde74e8c88d0d24f5c9cd12961b9a796a0110a2672d2c31f06df06d.flac	Er war dafür früher aus seinen Ferien zurückgekommen.	Etwas wie das Brühen aus seiner Ferien zurückkommen.	mit der spruehreno mend assured zu.	[0]: etwas vs mit | [1]: wie vs der | [2]: das vs spruehreno | [3]: brühen vs mend | [4]: aus vs assured | [5]: seiner vs zu. | Length mismatch: DAT(8) vs DIT(6)
e6a8968c-d53c-4f76-80b5-15923136987b/1ce4fcfa8077df19e0181bbc7609f2269bed4ef87d26fd15a81b3a1aa41021af.flac	Bei den allermeisten Kandidatinnen und Kandidaten sind grössere Veränderungen gemacht worden.	Bei aller meisten Kandidaten und Kandidaten wurden in größere Veränderungen gemacht.	Bei der allermeiste Kandidatin und Kandidat des Inklusse-Riferentrike gemacht wurde.	[1]: aller vs der | [2]: meisten vs allermeiste | [3]: kandidaten vs kandidatin | [5]: kandidaten vs kandidat | [6]: wurden vs des | [7]: in vs inklusse-riferentrike | [8]: größere vs gemacht | [9]: veränderungen vs wurde. | Length mismatch: DAT(11) vs DIT(10)
0f19ca1d-11fe-4822-83e9-4d0f7bcce0cd/b2dd0ce06eb05079454ad1057c43394854d5c964cccfd92a344e36fa4fdc87d1.flac	Vielen Unternehmen sei das noch nicht bewusst.	Wir nahm die suche Beine in side, damit derkea diese Natur sei das Sand Solange noch burgerschief. Für die takiego Keuffunktionjoursst parade ich alle Beine so gut imotto in lesen.	für den Unternamen seıkt preacht.	[0]: wir vs für | [1]: nahm vs den | [2]: die vs unternamen | [3]: suche vs seıkt | [4]: beine vs preacht. | Length mismatch: DAT(30) vs DIT(5)
7c882fa4-86f6-4986-b211-295a09265deb/4253f41dff4608ae6314ed9b0b5eab73cad00b0bf6a614fa223433aee5e1d6a1.flac	Murray dagegen liess sich durch nichts mehr aus der Ruhe bringen.	Moraitergegen lässt sich doch nichts mehr aus der Ruhe bringen.	Muraite gegen die Latschte und nicht mehr aus der Ruhe bringen.	[0]: moraitergegen vs muraite | [1]: lässt vs gegen | [2]: sich vs die | [3]: doch vs latschte | [4]: nichts vs und | [5]: mehr vs nicht | [6]: aus vs mehr | [7]: der vs aus | [8]: ruhe vs der | [9]: bringen. vs ruhe | Length mismatch: DAT(10) vs DIT(11)
0f19ca1d-11fe-4822-83e9-4d0f7bcce0cd/d4bc16a7aa74a0dba5e60b4c2e1e60bef542f6b3ff6a8120b37d021572c24ed0.flac	In einem ersten Schritt wurde die medizinische Hilfe angegangen.	In einer ersten Schritt wurde mit der z<|el|>	Im ersten Schritt wurde die zinische Hilfe auch gange.	[0]: in vs im | [1]: einer vs ersten | [2]: ersten vs schritt | [3]: schritt vs wurde | [4]: wurde vs die | [5]: mit vs zinische | [6]: der vs hilfe | [7]: z<|el|> vs auch | Length mismatch: DAT(8) vs DIT(9)
99c4f9b3-262d-4050-9973-a4abb8046872/e0824d755d86c54b8261e6dfde55d6455812ce534989d3676e9d0b2dceb3db56.flac	Dies ergibt eine vom BSV in Auftrag gegebene Studie.	Das gibt auch vom BSV in Auftrag gegen Studie.	Das geht einfach um B.S.V. in Auftraggällen in Studie.	[1]: gibt vs geht | [2]: auch vs einfach | [3]: vom vs um | [4]: bsv vs b.s.v. | [6]: auftrag vs auftraggällen | [7]: gegen vs in
99c4f9b3-262d-4050-9973-a4abb8046872/b62fa1c43641eb0457b452083db09fab1dbf365e9a03faee0f4bd6a546b8d8c2.flac	Doch der Glanz und Ruhm ist verblasst.	Aber Reglanz und Ruhmisch verblost.	Aber reglanzendruhung ist verblast.	[1]: reglanz vs reglanzendruhung | [2]: und vs ist | [3]: ruhmisch vs verblast. | Length mismatch: DAT(5) vs DIT(4)
460a10ef-020f-4559-810a-115a066b9bab/bb60c58cae8b2bbffca2a8a51697558618e399a62cc572c4b370e9b3d825548c.flac	Diese Ausgaben müssen aber belegt werden können.	Die Ausgabe mindere Beleitwerte können.	Die Uskaben müssen wir beil fossil 확인一点	[1]: ausgabe vs uskaben | [2]: mindere vs müssen | [3]: beleitwerte vs wir | [4]: können. vs beil | Length mismatch: DAT(5) vs DIT(7)
2be89650-fc8e-429a-a8e3-2e92b3538639/d72405358a239931ab9333a90c4a6d6709c64540e4e5d0ac3bcad5b370bd6f1b.flac	Das betrifft das 13. Jahrhundert genauso wie den gestrigen Nachmittag.	Das betrifft 30 Jahre 100 genaue Soh wie der Gestrigenon mit DOK.	Das betrifft Stritat Jahrhundert genauso wie die gestrigenometok.	[2]: 30 vs stritat | [3]: jahre vs jahrhundert | [4]: 100 vs genauso | [5]: genaue vs wie | [6]: soh vs die | [7]: wie vs gestrigenometok. | Length mismatch: DAT(12) vs DIT(8)
2346f20d-b2bc-4712-8c83-5e376731a1c9/64343b280834bb497617510bef69ae2a6c1109bf82325858843371f3260441cf.flac	Der manipulierte Anruf wurde den Opfern nicht einmal angezeigt.	Der mannibulierte Arow ist der Opfer nicht einmal allzeigt worden.	Der Manni politiert die AORF, ist er ob für Nödermal alt zeigt worden.	[1]: mannibulierte vs manni | [2]: arow vs politiert | [3]: ist vs die | [4]: der vs aorf, | [5]: opfer vs ist | [6]: nicht vs er | [7]: einmal vs ob | [8]: allzeigt vs für | [9]: worden. vs nödermal | Length mismatch: DAT(10) vs DIT(13)
0f19ca1d-11fe-4822-83e9-4d0f7bcce0cd/d17ede8fc96b77522109c714c530cf6652b8ea77f6df80ef64f9a56ce7295ee3.flac	Ein Teil des Geländes bleibt weiterhin abgesperrt.	Ein Teil von Klern bleibt wieder in abgesperrt.	Entdeilen von Glant bliebte Witter in Obbeschwert.	[0]: ein vs entdeilen | [1]: teil vs von | [2]: von vs glant | [3]: klern vs bliebte | [4]: bleibt vs witter | [5]: wieder vs in | [6]: in vs obbeschwert. | Length mismatch: DAT(8) vs DIT(7)
c4c03e6f-50a2-4d24-ae88-caf3032798fa/a1a2456cbad9a79c2e820d6650c254e35e82294906579fbcf6c779fe648b3330.flac	Die Diskussion auf Facebook bezeichnet er als übertrieben und Hetze.	Die Diskussion auf Facebook bezeichnet er also über drübenen Hezzi.	Die Diskussion auf Facebook bezeichnet er als übertreiben die Hatie.	[6]: also vs als | [7]: über vs übertreiben | [8]: drübenen vs die | [9]: hezzi. vs hatie.
c4c03e6f-50a2-4d24-ae88-caf3032798fa/ad9f703eba14f64d3585c4056f00656af8ccbbac15320edf8986c2d63a222f13.flac	In der Nacht waren Schüsse zu hören.	In der Nacht sind Schüsse gehören sie.	jeder nach 10 joiningshielddgeschick aus Richtung Köln,	[0]: in vs jeder | [1]: der vs nach | [2]: nacht vs 10 | [3]: sind vs joiningshielddgeschick | [4]: schüsse vs aus | [5]: gehören vs richtung | [6]: sie. vs köln,
6858a37b-edd0-4fdf-871c-96d3b1bd3e21/bc825b5554d0ce15f5ad5ab58b3612effcc6a6164cb41a64662c97bb863225a1.flac	100 Prozent des Umsatzes gehen an den Mieter.	100% vom Umsatzgönnt an mirter.	100% vom Umsatz gönnt an mirter.	[2]: umsatzgönnt vs umsatz | [3]: an vs gönnt | [4]: mirter. vs an | Length mismatch: DAT(5) vs DIT(6)
c81c27c4-3e50-4b38-827e-2fc2bf899dc7/72349cd5e52db61e4e7cfd9713613bdee1e2e1b0fce54025e3fd57c8c4094aa4.flac	Lions gewinnen erstmals nach vier Niederlagen wieder zuhause.	Leihens gönnen es erst mal nach vier Niederlage wieder die Hei.	Leions gönnet erst mal nach vier Niederlage wie der Tij.	[0]: leihens vs leions | [1]: gönnen vs gönnet | [2]: es vs erst | [3]: erst vs mal | [4]: mal vs nach | [5]: nach vs vier | [6]: vier vs niederlage | [7]: niederlage vs wie | [8]: wieder vs der | [9]: die vs tij. | Length mismatch: DAT(11) vs DIT(10)
0d7bacea-1a75-4c14-b580-40d5b98663b6/56f09838b4ed1d69578ce12c9b38a04af2100a741aeefd75e6114aaa222a04a9.flac	Das ist am besten am Eingang der Ausstellung zu beobachten.	Das ist ein Bestam, ich gehe an von der U-Sterex-Spielborte.	Das ist ein cleanerisch duale Haus.	[3]: bestam, vs cleanerisch | [4]: ich vs duale | [5]: gehe vs haus. | Length mismatch: DAT(10) vs DIT(6)
00fafc97-bf8b-4f35-ae97-b22e83e150f2/aedd11ca57fe40a09164928a3bcc10897f4666d731af296b1077e71e8a79e4ce.flac	Ich habe einfach zu viele Probleme.	Ich habe einfach zwei Probleme.	Ich habe einfach zwei Probleme.	Identical
e4d6b98b-b3f3-4e0f-9954-4abb7de23540/87f099c2279fa1515f1603cbeea134ef40a50877c6e682d04ac86de3b96aeaac.flac	Aber vorerst hat Bauer bis am 10. Januar Ferien.	Der Buch hat sich bis am Zaten Januar verirrt.	Da burt hat es später imeri Jörn über Ferien.	[0]: der vs da | [1]: buch vs burt | [3]: sich vs es | [4]: bis vs später | [5]: am vs imeri | [6]: zaten vs jörn | [7]: januar vs über | [8]: verirrt. vs ferien.
2346f20d-b2bc-4712-8c83-5e376731a1c9/9e04b23aed2fa8d6198f82924af1966a956d8516f8b327da7c9373d66c08bff7.flac	In Madrid wäre nur schon ein Unentschieden eine Sensation.	Im Nordrät wäre in Nummer schon ein des unentschehter Essensation.	In Nordritte wäre in Numbershow eines Unentschiehte-Essensorsionen.	[0]: im vs in | [1]: nordrät vs nordritte | [4]: nummer vs numbershow | [5]: schon vs eines | [6]: ein vs unentschiehte-essensorsionen. | Length mismatch: DAT(10) vs DIT(7)
c81c27c4-3e50-4b38-827e-2fc2bf899dc7/ce4c25d0c52155c7cb8690652516e631ab4bad337c9109da86d8187317173751.flac	Die Frau ist nach Angaben der Staatsanwaltschaft unterdessen ausser Lebensgefahr.	Traurige nach Auge auf der Staatsanwollschaft unter der Sousa Lebenskur.	Traum ich noch auch auf der Staatservollschaft unter des Zußerlebens gefahren.	[0]: traurige vs traum | [1]: nach vs ich | [2]: auge vs noch | [3]: auf vs auch | [4]: der vs auf | [5]: staatsanwollschaft vs der | [6]: unter vs staatservollschaft | [7]: der vs unter | [8]: sousa vs des | [9]: lebenskur. vs zußerlebens | Length mismatch: DAT(10) vs DIT(11)
0f19ca1d-11fe-4822-83e9-4d0f7bcce0cd/901619818a366d0c14342c0169a24ca035bf7dbf098e861cf4e4dfba37aefa45.flac	Diese Ruhe hatte ich noch nicht.	Die Eruhe Hanninunnetka	Die Erruhe haben in Unnetka.	[1]: eruhe vs erruhe | [2]: hanninunnetka vs haben | Length mismatch: DAT(3) vs DIT(5)
3ce6b6dc-6c03-48c1-83bd-024bbecfaf9a/62809e41541a97ba1d2f6040a126ac7c64b1850843e482ff5cb4e9f4b1e742de.flac	Was macht eine Gesellschaft im Kern aus?	Was macht ein Gesellschaft im Kern aus?	Was macht Excel-Shift im Herden aus?	[2]: ein vs excel-shift | [3]: gesellschaft vs im | [4]: im vs herden | [5]: kern vs aus? | Length mismatch: DAT(7) vs DIT(6)
e6a8968c-d53c-4f76-80b5-15923136987b/5a2ac287bbaab6a8250cb830314cf2e19b3af09a9d19b1e4574493c2c9016295.flac	Schon zur Pause lag Moto Club mit 3:0 in Front.	Schabiss der Pasele den Motorklock mit 13.0 infront.	Schabiszer pauselite Motto klopme drütsenol in Front.	[0]: schabiss vs schabiszer | [1]: der vs pauselite | [2]: pasele vs motto | [3]: den vs klopme | [4]: motorklock vs drütsenol | [5]: mit vs in | [6]: 13.0 vs front. | Length mismatch: DAT(8) vs DIT(7)
99c4f9b3-262d-4050-9973-a4abb8046872/e72f2f7304dff14bd64786b78121c7320a2132fccd4f8984ea7c8aec87900429.flac	Am Donnerstag und Freitag lockt sie mit garantiert kühlen Drinks.	Anweschen und friedig lockt sie mit garantiert kühlen Trinkens.	am分 ver звон Forgetglogz me ihren gravityert die aleränkest.	[0]: anweschen vs am分 | [1]: und vs ver | [2]: friedig vs звон | [3]: lockt vs forgetglogz | [4]: sie vs me | [5]: mit vs ihren | [6]: garantiert vs gravityert | [7]: kühlen vs die | [8]: trinkens. vs aleränkest.
6858a37b-edd0-4fdf-871c-96d3b1bd3e21/ba4b6c7b912624c6e406393942171cf2f74c4908a8c64d7b242dd31f2b2a793d.flac	Damit baut er eine starke Beziehung zum Kind auf.	Damit baut er ein starker Weizeg zum Rindow.	Damit baut er, er starke Witzig zum Rindof.	[2]: er vs er, | [3]: ein vs er | [4]: starker vs starke | [5]: weizeg vs witzig | [7]: rindow. vs rindof.
00fafc97-bf8b-4f35-ae97-b22e83e150f2/46927ea7c208093f159d23573999d60a28a0ca0503372566fb677afcd397ebf4.flac	An den mag ich mich gut erinnern.	Auch, der Mal ist einutter herinnerer	<|hi|>chen mice Bali Ericos	[0]: auch, vs <|hi|>chen | [1]: der vs mice | [2]: mal vs bali | [3]: ist vs ericos | Length mismatch: DAT(6) vs DIT(4)
aecb57fd-dc7b-47b5-ab91-27307f50e92c/683b0c25f88d18131fa254c0edf4a0a63a9000480cddbf36b4122e83a4459bd0.flac	Er habe die Angelegenheit auch sehr bedauert.	Eこの Setze stehtrirpildurt	Er hat laut Glück!! In Ring auferald ein backingberger Büro!	[0]: eこの vs er | [1]: setze vs hat | [2]: stehtrirpildurt vs laut | Length mismatch: DAT(3) vs DIT(10)
0f19ca1d-11fe-4822-83e9-4d0f7bcce0cd/907d19e03c1ea4ad2bd9cd2a7a424cc3960cd7ee2dd74ba4cbbf3d72ab9224b7.flac	Und die Ergebnisse sprechen für sich.	Und der Gapnis sprechen für sich.	Und der Gapnis sprachet für sich.	[3]: sprechen vs sprachet
2346f20d-b2bc-4712-8c83-5e376731a1c9/64ea216f3d76988547131e18edd3e7bf7801a5067482480a454bd9232c40d43e.flac	Wegen Aussetzung verlangte er eine unbedingte Freiheitsstrafe von 3,5 Jahren.	Werke aussetzig verlangt er unbedingt die Freiheitstrafe vor 3,5 Jahren.	Wakausätig verlangt der unbedingt die Freiheitstrafe von Rührhalb Jörg.	[0]: werke vs wakausätig | [1]: aussetzig vs verlangt | [2]: verlangt vs der | [3]: er vs unbedingt | [4]: unbedingt vs die | [5]: die vs freiheitstrafe | [6]: freiheitstrafe vs von | [7]: vor vs rührhalb | [8]: 3,5 vs jörg. | Length mismatch: DAT(10) vs DIT(9)
6e084270-8d26-43d9-ba69-5e8ee793ab8c/dd909a2bdf666aed6909ed8b19103be109284205792869411faff7c916c685f4.flac	Nicht alle Eltern können sich das leisten.	Mit alle Ältere kann sich das leisten.	Nicht alle altragend sich das Leiste.	[0]: mit vs nicht | [2]: ältere vs altragend | [3]: kann vs sich | [4]: sich vs das | [5]: das vs leiste. | Length mismatch: DAT(7) vs DIT(6)
e4d6b98b-b3f3-4e0f-9954-4abb7de23540/8a6bc7d381f922f04063ff139a48545bd7256544e82802c397fc55de8e94aedc.flac	Die beiden DJs haben ihren Sound weiterentwickelt.	Die Bedeze haben die phones, die Sonne und die dünß m deber ich hören.	ich bae die L lace undAA Ich bae die Lise und<|hr|> Bip foolish tus und ist sicher w GETT	[0]: die vs ich | [1]: bedeze vs bae | [2]: haben vs die | [3]: die vs l | [4]: phones, vs lace | [5]: die vs undaa | [6]: sonne vs ich | [7]: und vs bae | [9]: dünß vs lise | [10]: m vs und<|hr|> | [11]: deber vs bip | [12]: ich vs foolish | [13]: hören. vs tus | Length mismatch: DAT(14) vs DIT(19)
3ce6b6dc-6c03-48c1-83bd-024bbecfaf9a/6defe8c525dbd1b1275111615036896fe4059d1c94942706d14d33959813e62a.flac	Daniele De Rossi schoss die Römer früh in Führung.	Die Daniele der Rossi, die Räumere, frühe in die Führung zu schossen.	Da niedrelei AirPods kommen hab ich von einer Fliegel-Shodi	[0]: die vs da | [1]: daniele vs niedrelei | [2]: der vs airpods | [3]: rossi, vs kommen | [4]: die vs hab | [5]: räumere, vs ich | [6]: frühe vs von | [7]: in vs einer | [8]: die vs fliegel-shodi | Length mismatch: DAT(12) vs DIT(9)
0f19ca1d-11fe-4822-83e9-4d0f7bcce0cd/90449762664e20e701c175596fe976c9257efea6dce34fa5c81c359cb88ef828.flac	Für einen Umzug nach Hollywood bin ich nicht ­bereit.	Für einen Umzug auf Hollywood bin ich mit Parat.	Für ein Umzug auf Hollywood bin ich nichtrad.	[1]: einen vs ein | [7]: mit vs nichtrad. | Length mismatch: DAT(9) vs DIT(8)
68931ace-d879-48a2-b92b-0630ff454bdf/d34272ae815dad46cc72997004d77fb0bc34b376738cce4a2f64e37a47fc9ede.flac	Es gehe auch darum zu leben.	Es geht ja drunter blab.	es geht wieder an unser Problem	[2]: ja vs wieder | [3]: drunter vs an | [4]: blab. vs unser | Length mismatch: DAT(5) vs DIT(6)
2346f20d-b2bc-4712-8c83-5e376731a1c9/74e6df4b3c167e25ed5f97db384588c483fa24f6f85d7bbb64e5591ec52085a3.flac	Das Liebespaar will sogar bald heiraten.	sterleb ESTD einieurs Tag,redit abannten Ministeriet z.B. Snyder, 79 whale, 24 피lter links Stabilis, 22 ál am Apinpaketabendartig umлишком Prioritàieważ es sich pledgeNot zu spielen. Christoph	すり je passport www.tra.mpw	[0]: sterleb vs すり | [1]: estd vs je | [2]: einieurs vs passport | [3]: tag,redit vs www.tra.mpw | Length mismatch: DAT(26) vs DIT(4)
c4c03e6f-50a2-4d24-ae88-caf3032798fa/b5009507ded04c37923cdb0f0efe469fcd199c17ac7a97914459f674657fac3c.flac	Wie bzw. nach welchen Kriterien werden die Stundenansätze für ein Geschäft berechnet?	Wie, bezwiegezwies, nach welcher Kriterie werden die Stunde Satz für ein Geschäft berechnet?	Wir bezwiegst uns nach Wartekritärien, werden die Stunde Satz für das Schaf berachnet.	[0]: wie, vs wir | [1]: bezwiegezwies, vs bezwiegst | [2]: nach vs uns | [3]: welcher vs nach | [4]: kriterie vs wartekritärien, | [10]: ein vs das | [11]: geschäft vs schaf | [12]: berechnet? vs berachnet.
2be89650-fc8e-429a-a8e3-2e92b3538639/cf9ef4058138d461bb9391c7693d7502ddcd730b194fb4523a4432f6b1cfff54.flac	Da bin ich mir ehrlich gesagt nicht so sicher.	Da bin ich mir ehrlich gesagt nicht zu züchern.	Da bin ich mir ehrlich gesagt nicht zu sicher.	[8]: züchern. vs sicher.
